Field,UseCase,Region,Country,Year,AdoptionPercent,ImpactScore,DeploymentType
Healthcare,Imaging Diagnostics,North America,USA,2024,65,9,Clinical
Healthcare,Remote Monitoring,Europe,Germany,2023,42,7,Clinical
Healthcare,Drug Discovery,Asia,China,2024,28,8,Industry
Finance,Fraud Detection,North America,Canada,2024,58,8,Enterprise
Finance,Algorithmic Trading,North America,USA,2022,47,7,Enterprise
Finance,Credit Scoring,Europe,UK,2023,51,7,Regulatory
Education,Adaptive Learning,Asia,India,2024,32,6,Platform
Education,Automated Grading,Europe,France,2022,20,5,Institutional
Agriculture,Yield Prediction,Africa,Egypt,2023,18,6,Field
Agriculture,Precision Irrigation,South America,Brazil,2024,22,7,Field
Manufacturing,Predictive Maintenance,Asia,Japan,2024,54,8,Factory
Manufacturing,Quality Inspection,Europe,Italy,2023,39,7,Factory
Transportation,Autonomous Vehicles,North America,USA,2024,14,9,R&D
Transportation,Route Optimization,Europe,Netherlands,2022,46,7,Enterprise
Retail,Personalized Recommendations,North America,USA,2024,60,8,Online
Retail,Inventory Forecasting,Asia,China,2023,37,7,Enterprise
Entertainment,Content Recommendation,Europe,Sweden,2024,55,7,Online
Entertainment,Deepfake Detection,North America,USA,2024,23,6,Security
Energy,Grid Optimization,Europe,Spain,2023,29,7,Infrastructure
Energy,Predictive Load,Asia,India,2024,31,7,Infrastructure
Security,Threat Detection,Global,USA,2024,48,8,Enterprise
Security,Biometric Auth,Asia,South Korea,2022,35,6,Consumer
Law,Document Review,North America,Canada,2023,26,6,Corporate
HR,Resume Screening,Europe,Germany,2024,33,5,Corporate
Legal,Contract Analytics,North America,USA,2023,21,6,Corporate
Environment,Wildfire Prediction,North America,Canada,2024,12,8,Government
HealthTech,Teletriage,Asia,Japan,2024,40,7,Clinical
Robotics,Warehouse Automation,Europe,Poland,2023,30,7,Industry
SmartCity,Traffic Prediction,Asia,Singapore,2024,36,7,Government